INSERT INTO Professors (GlobalId, FirstName, LastName, Salary)
VALUES
  ('P0000001', 'John', 'Doe', 100000.00),
  ('P0000002', 'Jane', 'Doe', 95000.00),
  ('P0000003', 'Bob', 'Smith', 85000.00),
  ('P0000004', 'Mary', 'Johnson', 90000.00),
  ('P0000005', 'Tom', 'Brown', 80000.00),
  ('P0000006', 'Lisa', 'Garcia', 110000.00),
  ('P0000007', 'David', 'Lee', 120000.00),
  ('P0000008', 'Karen', 'Davis', 95000.00),
  ('P0000009', 'Mike', 'Jones', 105000.00),
  ('P0000010', 'Sarah', 'Wilson', 90000.00);






INSERT INTO Courses (CourseId, Department, Title, IsWritingIntensive,CreditHours) VALUES
  (101, 'MAT', 'Calculus I', false,3),
  (102, 'MAT', 'Calculus II', false,3),
  (201, 'PHY', 'Physics I', false,3),
  (202, 'PHY', 'Physics II', false,3),
  (301, 'CHE', 'Organic Chemistry I', true,3),
  (302, 'CHE', 'Organic Chemistry II', true,3),
  (202, 'ENG', 'Introduction to Creative Writing', true,3),
  (402, 'ENG', 'Shakespeare and His Contemporaries', false,3),
  (230, 'HIS', 'American History: Revolution to Civil War', true,3),
  (360, 'HIS', 'American History: Reconstruction to Present', true,3),
  (161, 'BIO', 'Introductory Biology I', false,3),
  (162, 'BIO', 'Introductory Biology II', false,3),
  (141, 'PSY', 'Introduction to Psychology', true,3),
  (460, 'PSY', 'Abnormal Psychology', true,3),
  (120, 'ECO', 'Principles of Microeconomics', false,3),
  (121, 'ECO', 'Principles of Macroeconomics', false,3),
  (127, 'ART', 'Drawing I', true,3),
  (232, 'ART', 'Painting II', true,3),
  (101, 'MUS', 'Music Theory I', true,3),
  (152, 'MUS', 'Music History: Baroque to Classical', false,3);

INSERT INTO Sessions (SessionId, RoomId, TeacherId,Days,TeacherId, CreditHours, SectionTime, CourseId)
VALUES
(0, 101, 'P0000001', 4, 1, 101),
(1, 102, 'P0000002', 4, 2, 102),
(2, 201, 'P0000003', 4, 1, 201),
(3, 202, 'P0000004', 4, 2, 202),
(4, 301, 'P0000005', 3, 1, 301),
(5, 302, 'P0000006', 3, 3, 302),
(6, 202, 'P0000007', 3, 2, 202),
(7, 402, 'P0000008', 3, 2, 402),
(8, 230, 'P0000009', 3, 4, 230),
(9, 360, 'P0000010', 3, 4, 360),
(10, 161, 'P0000001', 4, 3, 161),
(11, 162, 'P0000002', 4, 3, 162),
(12, 141, 'P0000003', 3, , 141),
(13, 460, 'P0000004', 3, , 460),
(14, 120, 'P0000005', 3, , 120),
(15, 101, 'P0000001', 3, , 101),
(16, 102, 'P0000002', 3, , 102),
(17, 103, 'P0000003', 4, , 201),
(18, 104, 'P0000004', 4, , 202),
(19, 105, 'P0000005', 3, , 161),
(20, 106, 'P0000006', 3, , 141),
(21, 107, 'P0000007', 4, , 302),
(22, 108, 'P0000008', 3, , 202),
(23, 109, 'P0000009', 4, , 360),
(24, 109, 'P0000009', 4, , 365),
(25, 101, 'P0000001', 3, , 120),
(26, 102, 'P0000002', 3, , 121),
(27, 103, 'P0000003', 3, , 127),
(28, 104, 'P0000004', 4, , 232),
(29, 105, 'P0000005', 4, , 101),
(30, 106, 'P0000006', 3, , 161),
(31, 101, 'P0000002', 3, , 141),
(32, 201, 'P0000003', 4, , 302),
(33, 102, 'P0000004', 4, , 162),
(34, 202, 'P0000005', 3, , 201),
(35, 103, 'P0000006', 3, , 460),
(36, 203, 'P0000007', 4, , 301),
(37, 104, 'P0000008', 3, , 127),
(38, 204, 'P0000009', 3, , 101),
(39, 105, 'P0000010', 4, , 152),
(40, 205, 'P0000001', 3, , 120),
(41, 106, 'P0000002', 4, , 202),
(42, 206, 'P0000003', 3, , 161),
(43, 107, 'P0000004', 3, , 141),
(44, 207, 'P0000005', 4, , 232),
(45, 108, 'P0000006', 4, , 101),
(46, 208, 'P0000007', 3, , 402),
(47, 109, 'P0000008', 3, , 201),
(48, 209, 'P0000009', 4, , 162),
(49, 110, 'P0000010', 4, , 460),
(50, 210, 'P0000001', 3, , 301);






INSERT INTO Students (GlobalId, FirstName, LastName)
VALUES 
('GID001', 'Emma', 'Smith'),
('GID002', 'Oliver', 'Jones'),
('GID003', 'Sophia', 'Brown'),
('GID004', 'William', 'Davis'),
('GID005', 'Isabella', 'Taylor'),
('GID006', 'Lucas', 'Wilson'),
('GID007', 'Mia', 'Clark'),
('GID008', 'Alexander', 'Hall'),
('GID009', 'Emily', 'Johnson'),
('GID010', 'Daniel', 'Martinez'),
('GID011', 'Madison', 'Lee'),
('GID012', 'Ethan', 'Garcia'),
('GID013', 'Ava', 'Perez'),
('GID014', 'Michael', 'Anderson'),
('GID015', 'Abigail', 'Moore'),
('GID016', 'Jacob', 'Robinson'),
('GID017', 'Charlotte', 'Nelson'),
('GID018', 'Benjamin', 'Carter'),
('GID019', 'Harper', 'Green'),
('GID020', 'Matthew', 'Baker'),
('GID021', 'Amelia', 'Mitchell'),
('GID022', 'Lucy', 'Campbell'),
('GID023', 'Joshua', 'Jackson'),
('GID024', 'Chloe', 'Wright'),
('GID025', 'David', 'Adams');




INSERT INTO students (student_id, first_name, last_name)
VALUES
('Smit1EZ', 'Emma', 'Smith'),
('John1OZ', 'Olivia', 'Johnson'),
('Will1AZ', 'Ava', 'Williams'),
('Jone1IZ', 'Isabella', 'Jones'),
('Brow1SZ', 'Sophia', 'Brown'),
('Garc1MZ', 'Mia', 'Garcia'),
('Mill1CZ', 'Charlotte', 'Miller'),
('Davi1AZ', 'Amelia', 'Davis'),
('Rodr1HZ', 'Harper', 'Rodriguez'),
('Mart1EZ', 'Evelyn', 'Martinez'),
('Hern1AZ', 'Abigail', 'Hernandez'),
('Lope1EZ', 'Emily', 'Lopez'),
('Gonz1EZ', 'Elizabeth', 'Gonzalez'),
('Pere1MZ', 'Mila', 'Perez'),
('Tayl1EZ', 'Ella', 'Taylor'),
('Ande1AZ', 'Avery', 'Anderson'),
('Wils1SZ', 'Sofia', 'Wilson'),
('Moor1CZ', 'Camila', 'Moore'),
('Jack1AZ', 'Aria', 'Jackson'),
('Mart1SZ', 'Scarlett', 'Martin'),
('Lee1VZ', 'Victoria', 'Lee'),
('Lewi1MZ', 'Madison', 'Lewis'),
('Walk1LZ', 'Luna', 'Walker'),
('Hall1GZ', 'Grace', 'Hall'),
('Alle1CZ', 'Chloe', 'Allen'),
('Youn1PZ', 'Penelope', 'Young'),
('King1LZ', 'Layla', 'King'),
('Wrig1RZ', 'Riley', 'Wright'),
('Scot1ZZ', 'Zoey', 'Scott'),
('Gree1NZ', 'Nora', 'Green'),
('Bake1LZ', 'Lily', 'Baker'),
('Adam1EZ', 'Eleanor', 'Adams'),
('Nels1HZ', 'Hannah', 'Nelson'),
('Cart1LZ', 'Lillian', 'Carter'),
('Mitc1AZ', 'Addison', 'Mitchell'),
('Pere1AZ', 'Aubrey', 'Perez'),
('Robe1EZ', 'Ellie', 'Roberts'),
('Turn1SZ', 'Stella', 'Turner'),
('Phil1NZ', 'Natalie', 'Phillips'),
('Camp1ZZ', 'Zoe', 'Campbell'),
('Park1LZ', 'Leah', 'Parker'),
('Evan1HZ', 'Hazel', 'Evans'),
('Edwa1VZ', 'Violet', 'Edwards'),
('Coll1AZ', 'Aurora', 'Collins'),
('Stew1SZ', 'Savannah', 'Stewart'),
('Sanc1AZ', 'Audrey', 'Sanchez'),
('Morr1BZ', 'Brooklyn', 'Morris'),
('Roge1BZ', 'Bella', 'Rogers'),
('Reed1CZ', 'Claire', 'Reed'),
('Cook1SZ', 'Skylar', 'Cook'),
('Bell1PZ', 'Paisley', 'Bell'),
('Murp1EZ', 'Everly', 'Murphy'),
('Bail1AZ', 'Anna', 'Bailey'),
('Rive1CZ', 'Caroline', 'Rivera'),
('Coop1NZ', 'Nova', 'Cooper'),
('Rich1GZ', 'Genesis', 'Richardson'),
('Cox1EZ', 'Emilia', 'Cox'),
('Howa1KZ', 'Kennedy', 'Howard'),
('Ward1SZ', 'Samantha', 'Ward'),
('Torr1MZ', 'Maya', 'Torres'),
('Pete1WZ', 'Willow', 'Peterson'),
('Gray1KZ', 'Kinsley', 'Gray'),
('Rami1NZ', 'Naomi', 'Ramirez'),
('Jame1AZ', 'Aaliyah', 'James'),
('Wats1EZ', 'Elena', 'Watson'),
('Broo1SZ', 'Sarah', 'Brooks'),
('Kell1AZ', 'Ariana', 'Kelly'),
('Sand1AZ', 'Allison', 'Sanders'),
('Pric1GZ', 'Gabriella', 'Price'),
('Benn1AZ', 'Alice', 'Bennett'),
('Wood1MZ', 'Madelyn', 'Wood'),
('Barn1CZ', 'Cora', 'Barnes'),
('Ross1RZ', 'Ruby', 'Ross'),
('Hend1EZ', 'Eva', 'Henderson'),
('Cole1SZ', 'Serenity', 'Coleman'),
('Jenk1AZ', 'Autumn', 'Jenkins'),
('Perr1AZ', 'Adeline', 'Perry'),
('Powe1HZ', 'Hailey', 'Powell'),
('Long1GZ', 'Gianna', 'Long'),
('Patt1VZ', 'Valentina', 'Patterson'),
('Hugh1IZ', 'Isla', 'Hughes'),
('Flor1EZ', 'Eliana', 'Flores'),
('Wash1QZ', 'Quinn', 'Washington'),
('Butl1NZ', 'Nevaeh', 'Butler'),
('Simm1IZ', 'Ivy', 'Simmons'),
('Fost1SZ', 'Sadie', 'Foster'),
('Gonz1PZ', 'Piper', 'Gonzales'),
('Brya1LZ', 'Lydia', 'Bryant'),
('Alex1AZ', 'Alexa', 'Alexander');

